"filename", "language", "YAML", "TypeScript", "JSON", "JSON with Comments", "Markdown", "JavaScript", "HTML", "XML", "Groovy", "Batch", "Properties", "TypeScript JSX", "PostCSS", "Java", "comment", "blank", "total"
"c:\Users\LENOVO\trashure\.github\workflows\development.yml", "YAML", 34, 0, 0, 0, 0, 0, 0, 0, 0, 0, 0, 0, 0, 0, 0, 9, 43
"c:\Users\LENOVO\trashure\.github\workflows\production.yml", "YAML", 38, 0, 0, 0, 0, 0, 0, 0, 0, 0, 0, 0, 0, 0, 3, 10, 51
"c:\Users\LENOVO\trashure\backend\fix-categories.ts", "TypeScript", 0, 34, 0, 0, 0, 0, 0, 0, 0, 0, 0, 0, 0, 0, 0, 5, 39
"c:\Users\LENOVO\trashure\backend\package-lock.json", "JSON", 0, 0, 5254, 0, 0, 0, 0, 0, 0, 0, 0, 0, 0, 0, 0, 1, 5255
"c:\Users\LENOVO\trashure\backend\package.json", "JSON", 0, 0, 38, 0, 0, 0, 0, 0, 0, 0, 0, 0, 0, 0, 0, 0, 38
"c:\Users\LENOVO\trashure\backend\promote-admin.ts", "TypeScript", 0, 23, 0, 0, 0, 0, 0, 0, 0, 0, 0, 0, 0, 0, 1, 6, 30
"c:\Users\LENOVO\trashure\backend\src\app.ts", "TypeScript", 0, 29, 0, 0, 0, 0, 0, 0, 0, 0, 0, 0, 0, 0, 4, 9, 42
"c:\Users\LENOVO\trashure\backend\src\config\database.ts", "TypeScript", 0, 3, 0, 0, 0, 0, 0, 0, 0, 0, 0, 0, 0, 0, 0, 3, 6
"c:\Users\LENOVO\trashure\backend\src\config\socket.ts", "TypeScript", 0, 66, 0, 0, 0, 0, 0, 0, 0, 0, 0, 0, 0, 0, 7, 17, 90
"c:\Users\LENOVO\trashure\backend\src\config\supabase.ts", "TypeScript", 0, 9, 0, 0, 0, 0, 0, 0, 0, 0, 0, 0, 0, 0, 2, 5, 16
"c:\Users\LENOVO\trashure\backend\src\controllers\admin.controller.ts", "TypeScript", 0, 69, 0, 0, 0, 0, 0, 0, 0, 0, 0, 0, 0, 0, 2, 13, 84
"c:\Users\LENOVO\trashure\backend\src\controllers\category.controller.ts", "TypeScript", 0, 11, 0, 0, 0, 0, 0, 0, 0, 0, 0, 0, 0, 0, 0, 2, 13
"c:\Users\LENOVO\trashure\backend\src\controllers\chat.controller.ts", "TypeScript", 0, 40, 0, 0, 0, 0, 0, 0, 0, 0, 0, 0, 0, 0, 2, 9, 51
"c:\Users\LENOVO\trashure\backend\src\controllers\index.ts", "TypeScript", 0, 0, 0, 0, 0, 0, 0, 0, 0, 0, 0, 0, 0, 0, 1, 1, 2
"c:\Users\LENOVO\trashure\backend\src\controllers\listing.controller.ts", "TypeScript", 0, 157, 0, 0, 0, 0, 0, 0, 0, 0, 0, 0, 0, 0, 8, 27, 192
"c:\Users\LENOVO\trashure\backend\src\controllers\message.controller.ts", "TypeScript", 0, 19, 0, 0, 0, 0, 0, 0, 0, 0, 0, 0, 0, 0, 0, 4, 23
"c:\Users\LENOVO\trashure\backend\src\controllers\offer.controller.ts", "TypeScript", 0, 155, 0, 0, 0, 0, 0, 0, 0, 0, 0, 0, 0, 0, 14, 31, 200
"c:\Users\LENOVO\trashure\backend\src\controllers\transaction.controller.ts", "TypeScript", 0, 153, 0, 0, 0, 0, 0, 0, 0, 0, 0, 0, 0, 0, 11, 26, 190
"c:\Users\LENOVO\trashure\backend\src\controllers\user.controller.ts", "TypeScript", 0, 220, 0, 0, 0, 0, 0, 0, 0, 0, 0, 0, 0, 0, 12, 34, 266
"c:\Users\LENOVO\trashure\backend\src\middlewares\auth.middleware.ts", "TypeScript", 0, 25, 0, 0, 0, 0, 0, 0, 0, 0, 0, 0, 0, 0, 2, 7, 34
"c:\Users\LENOVO\trashure\backend\src\middlewares\index.ts", "TypeScript", 0, 0, 0, 0, 0, 0, 0, 0, 0, 0, 0, 0, 0, 0, 1, 1, 2
"c:\Users\LENOVO\trashure\backend\src\routes\admin.routes.ts", "TypeScript", 0, 8, 0, 0, 0, 0, 0, 0, 0, 0, 0, 0, 0, 0, 0, 4, 12
"c:\Users\LENOVO\trashure\backend\src\routes\category.routes.ts", "TypeScript", 0, 6, 0, 0, 0, 0, 0, 0, 0, 0, 0, 0, 0, 0, 0, 4, 10
"c:\Users\LENOVO\trashure\backend\src\routes\chat.routes.ts", "TypeScript", 0, 6, 0, 0, 0, 0, 0, 0, 0, 0, 0, 0, 0, 0, 0, 4, 10
"c:\Users\LENOVO\trashure\backend\src\routes\index.ts", "TypeScript", 0, 19, 0, 0, 0, 0, 0, 0, 0, 0, 0, 0, 0, 0, 0, 4, 23
"c:\Users\LENOVO\trashure\backend\src\routes\listing.routes.ts", "TypeScript", 0, 9, 0, 0, 0, 0, 0, 0, 0, 0, 0, 0, 0, 0, 0, 4, 13
"c:\Users\LENOVO\trashure\backend\src\routes\message.routes.ts", "TypeScript", 0, 6, 0, 0, 0, 0, 0, 0, 0, 0, 0, 0, 0, 0, 0, 4, 10
"c:\Users\LENOVO\trashure\backend\src\routes\offer.routes.ts", "TypeScript", 0, 7, 0, 0, 0, 0, 0, 0, 0, 0, 0, 0, 0, 0, 0, 4, 11
"c:\Users\LENOVO\trashure\backend\src\routes\transaction.routes.ts", "TypeScript", 0, 8, 0, 0, 0, 0, 0, 0, 0, 0, 0, 0, 0, 0, 0, 4, 12
"c:\Users\LENOVO\trashure\backend\src\routes\user.routes.ts", "TypeScript", 0, 10, 0, 0, 0, 0, 0, 0, 0, 0, 0, 0, 0, 0, 1, 4, 15
"c:\Users\LENOVO\trashure\backend\src\server.ts", "TypeScript", 0, 11, 0, 0, 0, 0, 0, 0, 0, 0, 0, 0, 0, 0, 1, 6, 18
"c:\Users\LENOVO\trashure\backend\src\services\index.ts", "TypeScript", 0, 0, 0, 0, 0, 0, 0, 0, 0, 0, 0, 0, 0, 0, 1, 1, 2
"c:\Users\LENOVO\trashure\backend\src\services\whatsapp.service.ts", "TypeScript", 0, 46, 0, 0, 0, 0, 0, 0, 0, 0, 0, 0, 0, 0, 7, 14, 67
"c:\Users\LENOVO\trashure\backend\test-prisma.js", "JavaScript", 0, 0, 0, 0, 0, 17, 0, 0, 0, 0, 0, 0, 0, 0, 1, 5, 23
"c:\Users\LENOVO\trashure\backend\tsconfig.json", "JSON with Comments", 0, 0, 0, 15, 0, 0, 0, 0, 0, 0, 0, 0, 0, 0, 0, 1, 16
"c:\Users\LENOVO\trashure\frontend-vite\README.md", "Markdown", 0, 0, 0, 0, 60, 0, 0, 0, 0, 0, 0, 0, 0, 0, 0, 14, 74
"c:\Users\LENOVO\trashure\frontend-vite\android\app\build.gradle", "Groovy", 0, 0, 0, 0, 0, 0, 0, 0, 61, 0, 0, 0, 0, 0, 3, 9, 73
"c:\Users\LENOVO\trashure\frontend-vite\android\app\capacitor.build.gradle", "Groovy", 0, 0, 0, 0, 0, 0, 0, 0, 12, 0, 0, 0, 0, 0, 1, 7, 20
"c:\Users\LENOVO\trashure\frontend-vite\android\app\release\output-metadata.json", "JSON", 0, 0, 37, 0, 0, 0, 0, 0, 0, 0, 0, 0, 0, 0, 0, 0, 37
"c:\Users\LENOVO\trashure\frontend-vite\android\app\src\androidTest\java\com\getcapacitor\myapp\ExampleInstrumentedTest.java", "Java", 0, 0, 0, 0, 0, 0, 0, 0, 0, 0, 0, 0, 0, 15, 6, 6, 27
"c:\Users\LENOVO\trashure\frontend-vite\android\app\src\main\AndroidManifest.xml", "XML", 0, 0, 0, 0, 0, 0, 0, 31, 0, 0, 0, 0, 0, 0, 1, 4, 36
"c:\Users\LENOVO\trashure\frontend-vite\android\app\src\main\java\com\trashure\app\MainActivity.java", "Java", 0, 0, 0, 0, 0, 0, 0, 0, 0, 0, 0, 0, 0, 3, 0, 3, 6
"c:\Users\LENOVO\trashure\frontend-vite\android\app\src\main\res\drawable-v24\ic_launcher_foreground.xml", "XML", 0, 0, 0, 0, 0, 0, 0, 34, 0, 0, 0, 0, 0, 0, 0, 1, 35
"c:\Users\LENOVO\trashure\frontend-vite\android\app\src\main\res\drawable\ic_launcher_background.xml", "XML", 0, 0, 0, 0, 0, 0, 0, 170, 0, 0, 0, 0, 0, 0, 0, 1, 171
"c:\Users\LENOVO\trashure\frontend-vite\android\app\src\main\res\layout\activity_main.xml", "XML", 0, 0, 0, 0, 0, 0, 0, 11, 0, 0, 0, 0, 0, 0, 0, 2, 13
"c:\Users\LENOVO\trashure\frontend-vite\android\app\src\main\res\mipmap-anydpi-v26\ic_launcher.xml", "XML", 0, 0, 0, 0, 0, 0, 0, 9, 0, 0, 0, 0, 0, 0, 0, 0, 9
"c:\Users\LENOVO\trashure\frontend-vite\android\app\src\main\res\mipmap-anydpi-v26\ic_launcher_round.xml", "XML", 0, 0, 0, 0, 0, 0, 0, 9, 0, 0, 0, 0, 0, 0, 0, 0, 9
"c:\Users\LENOVO\trashure\frontend-vite\android\app\src\main\res\values\ic_launcher_background.xml", "XML", 0, 0, 0, 0, 0, 0, 0, 4, 0, 0, 0, 0, 0, 0, 0, 0, 4
"c:\Users\LENOVO\trashure\frontend-vite\android\app\src\main\res\values\strings.xml", "XML", 0, 0, 0, 0, 0, 0, 0, 7, 0, 0, 0, 0, 0, 0, 0, 1, 8
"c:\Users\LENOVO\trashure\frontend-vite\android\app\src\main\res\values\styles.xml", "XML", 0, 0, 0, 0, 0, 0, 0, 16, 0, 0, 0, 0, 0, 0, 2, 4, 22
"c:\Users\LENOVO\trashure\frontend-vite\android\app\src\main\res\xml\file_paths.xml", "XML", 0, 0, 0, 0, 0, 0, 0, 5, 0, 0, 0, 0, 0, 0, 0, 0, 5
"c:\Users\LENOVO\trashure\frontend-vite\android\app\src\test\java\com\getcapacitor\myapp\ExampleUnitTest.java", "Java", 0, 0, 0, 0, 0, 0, 0, 0, 0, 0, 0, 0, 0, 9, 5, 5, 19
"c:\Users\LENOVO\trashure\frontend-vite\android\build.gradle", "Groovy", 0, 0, 0, 0, 0, 0, 0, 0, 20, 0, 0, 0, 0, 0, 3, 7, 30
"c:\Users\LENOVO\trashure\frontend-vite\android\capacitor.settings.gradle", "Groovy", 0, 0, 0, 0, 0, 0, 0, 0, 2, 0, 0, 0, 0, 0, 1, 1, 4
"c:\Users\LENOVO\trashure\frontend-vite\android\gradle.properties", "Properties", 0, 0, 0, 0, 0, 0, 0, 0, 0, 0, 2, 0, 0, 0, 15, 6, 23
"c:\Users\LENOVO\trashure\frontend-vite\android\gradle\wrapper\gradle-wrapper.properties", "Properties", 0, 0, 0, 0, 0, 0, 0, 0, 0, 0, 7, 0, 0, 0, 0, 1, 8
"c:\Users\LENOVO\trashure\frontend-vite\android\gradlew.bat", "Batch", 0, 0, 0, 0, 0, 0, 0, 0, 0, 41, 0, 0, 0, 0, 32, 22, 95
"c:\Users\LENOVO\trashure\frontend-vite\android\settings.gradle", "Groovy", 0, 0, 0, 0, 0, 0, 0, 0, 4, 0, 0, 0, 0, 0, 0, 1, 5
"c:\Users\LENOVO\trashure\frontend-vite\android\variables.gradle", "Groovy", 0, 0, 0, 0, 0, 0, 0, 0, 16, 0, 0, 0, 0, 0, 0, 0, 16
"c:\Users\LENOVO\trashure\frontend-vite\capacitor.config.ts", "TypeScript", 0, 7, 0, 0, 0, 0, 0, 0, 0, 0, 0, 0, 0, 0, 0, 3, 10
"c:\Users\LENOVO\trashure\frontend-vite\eslint.config.js", "JavaScript", 0, 0, 0, 0, 0, 21, 0, 0, 0, 0, 0, 0, 0, 0, 0, 2, 23
"c:\Users\LENOVO\trashure\frontend-vite\fix.cjs", "JavaScript", 0, 0, 0, 0, 0, 23, 0, 0, 0, 0, 0, 0, 0, 0, 4, 9, 36
"c:\Users\LENOVO\trashure\frontend-vite\index.html", "HTML", 0, 0, 0, 0, 0, 0, 39, 0, 0, 0, 0, 0, 0, 0, 5, 8, 52
"c:\Users\LENOVO\trashure\frontend-vite\package-lock.json", "JSON", 0, 0, 8473, 0, 0, 0, 0, 0, 0, 0, 0, 0, 0, 0, 0, 1, 8474
"c:\Users\LENOVO\trashure\frontend-vite\package.json", "JSON", 0, 0, 48, 0, 0, 0, 0, 0, 0, 0, 0, 0, 0, 0, 0, 1, 49
"c:\Users\LENOVO\trashure\frontend-vite\public\favicon.svg", "XML", 0, 0, 0, 0, 0, 0, 0, 1, 0, 0, 0, 0, 0, 0, 0, 0, 1
"c:\Users\LENOVO\trashure\frontend-vite\public\icons.svg", "XML", 0, 0, 0, 0, 0, 0, 0, 24, 0, 0, 0, 0, 0, 0, 0, 1, 25
"c:\Users\LENOVO\trashure\frontend-vite\public\sitemap.xml", "XML", 0, 0, 0, 0, 0, 0, 0, 27, 0, 0, 0, 0, 0, 0, 4, 4, 35
"c:\Users\LENOVO\trashure\frontend-vite\replace-api.cjs", "JavaScript", 0, 0, 0, 0, 0, 27, 0, 0, 0, 0, 0, 0, 0, 0, 4, 9, 40
"c:\Users\LENOVO\trashure\frontend-vite\replace-api.js", "JavaScript", 0, 0, 0, 0, 0, 27, 0, 0, 0, 0, 0, 0, 0, 0, 4, 9, 40
"c:\Users\LENOVO\trashure\frontend-vite\src\App.css", "PostCSS", 0, 0, 0, 0, 0, 0, 0, 0, 0, 0, 0, 0, 158, 0, 0, 27, 185
"c:\Users\LENOVO\trashure\frontend-vite\src\App.tsx", "TypeScript JSX", 0, 0, 0, 0, 0, 0, 0, 0, 0, 0, 0, 84, 0, 0, 11, 17, 112
"c:\Users\LENOVO\trashure\frontend-vite\src\assets\react.svg", "XML", 0, 0, 0, 0, 0, 0, 0, 1, 0, 0, 0, 0, 0, 0, 0, 0, 1
"c:\Users\LENOVO\trashure\frontend-vite\src\assets\vite.svg", "XML", 0, 0, 0, 0, 0, 0, 0, 1, 0, 0, 0, 0, 0, 0, 0, 1, 2
"c:\Users\LENOVO\trashure\frontend-vite\src\components\AnimatedCounter.tsx", "TypeScript JSX", 0, 0, 0, 0, 0, 0, 0, 0, 0, 0, 0, 35, 0, 0, 1, 8, 44
"c:\Users\LENOVO\trashure\frontend-vite\src\components\DashboardLayout.tsx", "TypeScript JSX", 0, 0, 0, 0, 0, 0, 0, 0, 0, 0, 0, 149, 0, 0, 11, 16, 176
"c:\Users\LENOVO\trashure\frontend-vite\src\components\PageWrapper.tsx", "TypeScript JSX", 0, 0, 0, 0, 0, 0, 0, 0, 0, 0, 0, 25, 0, 0, 0, 4, 29
"c:\Users\LENOVO\trashure\frontend-vite\src\components\ui\button.tsx", "TypeScript JSX", 0, 0, 0, 0, 0, 0, 0, 0, 0, 0, 0, 54, 0, 0, 1, 5, 60
"c:\Users\LENOVO\trashure\frontend-vite\src\components\ui\card.tsx", "TypeScript JSX", 0, 0, 0, 0, 0, 0, 0, 0, 0, 0, 0, 27, 0, 0, 0, 8, 35
"c:\Users\LENOVO\trashure\frontend-vite\src\index.css", "PostCSS", 0, 0, 0, 0, 0, 0, 0, 0, 0, 0, 0, 0, 124, 0, 2, 5, 131
"c:\Users\LENOVO\trashure\frontend-vite\src\lib\supabase\client.ts", "TypeScript", 0, 4, 0, 0, 0, 0, 0, 0, 0, 0, 0, 0, 0, 0, 2, 3, 9
"c:\Users\LENOVO\trashure\frontend-vite\src\lib\utils.ts", "TypeScript", 0, 5, 0, 0, 0, 0, 0, 0, 0, 0, 0, 0, 0, 0, 0, 2, 7
"c:\Users\LENOVO\trashure\frontend-vite\src\main.tsx", "TypeScript JSX", 0, 0, 0, 0, 0, 0, 0, 0, 0, 0, 0, 9, 0, 0, 0, 2, 11
"c:\Users\LENOVO\trashure\frontend-vite\src\pages\AdminPage.tsx", "TypeScript JSX", 0, 0, 0, 0, 0, 0, 0, 0, 0, 0, 0, 90, 0, 0, 0, 13, 103
"c:\Users\LENOVO\trashure\frontend-vite\src\pages\AdminUsersPage.tsx", "TypeScript JSX", 0, 0, 0, 0, 0, 0, 0, 0, 0, 0, 0, 124, 0, 0, 2, 11, 137
"c:\Users\LENOVO\trashure\frontend-vite\src\pages\DashboardChattransactionIdDetailPage.tsx", "TypeScript JSX", 0, 0, 0, 0, 0, 0, 0, 0, 0, 0, 0, 124, 0, 0, 5, 21, 150
"c:\Users\LENOVO\trashure\frontend-vite\src\pages\DashboardFeedPage.tsx", "TypeScript JSX", 0, 0, 0, 0, 0, 0, 0, 0, 0, 0, 0, 151, 0, 0, 3, 10, 164
"c:\Users\LENOVO\trashure\frontend-vite\src\pages\DashboardListingsNewPage.tsx", "TypeScript JSX", 0, 0, 0, 0, 0, 0, 0, 0, 0, 0, 0, 335, 0, 0, 7, 38, 380
"c:\Users\LENOVO\trashure\frontend-vite\src\pages\DashboardListingsPage.tsx", "TypeScript JSX", 0, 0, 0, 0, 0, 0, 0, 0, 0, 0, 0, 169, 0, 0, 7, 15, 191
"c:\Users\LENOVO\trashure\frontend-vite\src\pages\DashboardListingsidDetailPage.tsx", "TypeScript JSX", 0, 0, 0, 0, 0, 0, 0, 0, 0, 0, 0, 691, 0, 0, 11, 59, 761
"c:\Users\LENOVO\trashure\frontend-vite\src\pages\DashboardPage.tsx", "TypeScript JSX", 0, 0, 0, 0, 0, 0, 0, 0, 0, 0, 0, 156, 0, 0, 2, 17, 175
"c:\Users\LENOVO\trashure\frontend-vite\src\pages\DashboardPickupPage.tsx", "TypeScript JSX", 0, 0, 0, 0, 0, 0, 0, 0, 0, 0, 0, 154, 0, 0, 5, 15, 174
"c:\Users\LENOVO\trashure\frontend-vite\src\pages\DashboardProfilePage.tsx", "TypeScript JSX", 0, 0, 0, 0, 0, 0, 0, 0, 0, 0, 0, 304, 0, 0, 7, 21, 332
"c:\Users\LENOVO\trashure\frontend-vite\src\pages\DashboardTransactionsPage.tsx", "TypeScript JSX", 0, 0, 0, 0, 0, 0, 0, 0, 0, 0, 0, 183, 0, 0, 2, 14, 199
"c:\Users\LENOVO\trashure\frontend-vite\src\pages\DashboardWalletPage.tsx", "TypeScript JSX", 0, 0, 0, 0, 0, 0, 0, 0, 0, 0, 0, 188, 0, 0, 8, 24, 220
"c:\Users\LENOVO\trashure\frontend-vite\src\pages\GuidePage.tsx", "TypeScript JSX", 0, 0, 0, 0, 0, 0, 0, 0, 0, 0, 0, 114, 0, 0, 5, 16, 135
"c:\Users\LENOVO\trashure\frontend-vite\src\pages\LandingPage.tsx", "TypeScript JSX", 0, 0, 0, 0, 0, 0, 0, 0, 0, 0, 0, 268, 0, 0, 16, 30, 314
"c:\Users\LENOVO\trashure\frontend-vite\src\pages\LoginPage.tsx", "TypeScript JSX", 0, 0, 0, 0, 0, 0, 0, 0, 0, 0, 0, 78, 0, 0, 0, 11, 89
"c:\Users\LENOVO\trashure\frontend-vite\src\pages\RegisterPage.tsx", "TypeScript JSX", 0, 0, 0, 0, 0, 0, 0, 0, 0, 0, 0, 148, 0, 0, 2, 17, 167
"c:\Users\LENOVO\trashure\frontend-vite\tsconfig.app.json", "JSON", 0, 0, 24, 0, 0, 0, 0, 0, 0, 0, 0, 0, 0, 0, 2, 3, 29
"c:\Users\LENOVO\trashure\frontend-vite\tsconfig.json", "JSON with Comments", 0, 0, 0, 7, 0, 0, 0, 0, 0, 0, 0, 0, 0, 0, 0, 1, 8
"c:\Users\LENOVO\trashure\frontend-vite\tsconfig.node.json", "JSON", 0, 0, 20, 0, 0, 0, 0, 0, 0, 0, 0, 0, 0, 0, 2, 3, 25
"c:\Users\LENOVO\trashure\frontend-vite\vercel.json", "JSON", 0, 0, 8, 0, 0, 0, 0, 0, 0, 0, 0, 0, 0, 0, 0, 1, 9
"c:\Users\LENOVO\trashure\frontend-vite\vite.config.ts", "TypeScript", 0, 12, 0, 0, 0, 0, 0, 0, 0, 0, 0, 0, 0, 0, 1, 2, 15
"c:\Users\LENOVO\trashure\implementation_plan.md", "Markdown", 0, 0, 0, 0, 76, 0, 0, 0, 0, 0, 0, 0, 0, 0, 0, 14, 90
"c:\Users\LENOVO\trashure\migrate.js", "JavaScript", 0, 0, 0, 0, 0, 50, 0, 0, 0, 0, 0, 0, 0, 0, 6, 14, 70
"Total", "-", 72, 1177, 13902, 22, 136, 165, 39, 350, 115, 41, 9, 3660, 282, 27, 292, 893, 21182